URL,Last crawled
https://www.everencewealth.com/en/blog/portfolio-recovery-why-a-50-loss-requires-a-100-gain-and-how-to-strategize,2026-04-21
https://www.everencewealth.com/en/blog/top-financial-challenges-for-retirees-in-the-modern-economy,2026-04-21
https://everencewealth.com/es/blog/se-quedara-sin-dinero-en-la-jubilacion-factores-clave-a-considerar-3-ov17,2026-04-21
https://www.everencewealth.com/es/blog/se-quedara-sin-dinero-en-la-jubilacion-factores-clave-a-considerar-3-ov17,2026-04-21
https://www.everencewealth.com/en/qa/what-legal-documents-are-vital-for-bridging-a-reti-legal-c7c9bb4f,2026-04-21
https://www.everencewealth.com/en/about,2026-04-21
https://www.everencewealth.com/es/about,2026-04-21
https://everencewealth.com/es/blog/gestion-patrimonial-personalizada-asegure-su-futuro-de-jubilacion-6-jc7u,2026-04-20
https://www.everencewealth.com/en/stories,2026-04-19
https://www.everencewealth.com/es/contacto,2026-04-19
https://www.everencewealth.com/es/stories,2026-04-17
https://everencewealth.com/es/blog/cerrando-la-brecha-estrategias-para-impulsar-sus-ahorros-para-la-jubilacion-4-ykcw,2026-04-15
https://everencewealth.com/en/blog/investment-strategies/volatility-and-your-portfolio,2026-04-14
"https://everencewealth.com/es/locations/los-angeles,-ca/retirement-planning-los-angeles-ca-es",2026-04-14
https://everencewealth.com/en/blog/take-action-personal-finance-tips-to-prevent-running-out-of-money-in-retirement,2026-04-07
https://www.everencewealth.com/en/qa/what-process-steps-bridge-the-retirement-gap-using-process-eeb9ac85,2026-04-02
https://everencewealth.com/es/blog/cerrando-la-brecha-pensional-estrategias-efectivas-para-superar-el-deficit-de-ah-5-cizn,2026-03-30
https://everencewealth.com/es/blog/la-decada-perdida-del-s-p-500-perspectivas-y-lecciones-para-inversores-modernos-3-hve8,2026-03-29
https://everencewealth.com/es/blog/principales-desafios-financieros-para-los-jubilados-en-la-economia-moderna-2-8x7e,2026-03-28
https://everencewealth.com/es/blog/comprendiendo-la-brecha-de-jubilacion-que-significa-para-su-futuro-1-snha,2026-03-17
https://everencewealth.com/es,2026-03-11
https://www.everencewealth.com/es/glossary,2026-03-07
https://everencewealth.com/es/locations/arizona/wealth-protection-arizona-es,2026-03-04
"https://everencewealth.com/es/locations/los-angeles,-ca",2026-03-04
https://everencewealth.com/en/blog/comparing-sequence-of-returns-risk-tools-and-strategies-for-mitigating-loss,2026-03-04
https://everencewealth.com/es/qa,2026-03-04
https://everencewealth.com/es/estrategias/seguro-vida-entera,2026-03-02
"https://everencewealth.com/es/locations/austin,-tx/tax-advantages-austin-tx-es",2026-03-02
https://everencewealth.com/es/blog/herramientas-de-ahorro-para-la-jubilacion-eligiendo-las-opciones-adecuadas-para--5-u3ve,2026-02-28
https://everencewealth.com/es/property/R5253436,2026-02-24
https://everencewealth.com/es/property/R5183233,2026-02-23
https://everencewealth.com/es/property/R5298961,2026-02-23
https://everencewealth.com/es/property/R4568725,2026-02-23
https://everencewealth.com/es/property/R5147944,2026-02-23
https://everencewealth.com/es/property/R4862224,2026-02-23
https://everencewealth.com/es/strategies/tax-free-retirement,2026-02-23